<?xml version="1.0" encoding="utf-8"?>
<!--/2381626/640875/2.49/6/2/Connector/-->
<quadcept_library>
  <setting unit="mil" />
  <textstyle name="Default" height="47.244094488189" strokewidth="7.8740157480315" charwidth="47.244094488189" />
  <textstyle name="Dimension" height="19.6850393700787" strokewidth="0" charwidth="19.6850393700787" />
  <textstyle name="H127W0635TH00762" height="50" strokewidth="3" charwidth="25" />
  <textstyle name="H15W15TH02" height="59.0551181102362" strokewidth="7.8740157480315" charwidth="59.0551181102362" />
  <padstyle name="c150_h100" surface="False" plated="True" isvia="False" nopaste="True" nomask="True" complex="False" holesize="39.370078740157">
    <padshape layer="TOP" shape="round" width="59.055118110235" height="59.055118110235" />
    <padshape layer="TOP_SOLDER_MASK" shape="round" width="66.929133858267" height="66.929133858267" />
    <padshape layer="INNER" shape="round" width="59.055118110235" height="59.055118110235" />
    <padshape layer="BOTTOM" shape="round" width="59.055118110235" height="59.055118110235" />
    <padshape layer="BOTTOM_SOLDER_MASK" shape="round" width="66.929133858267" height="66.929133858267" />
  </padstyle>
  <padstyle name="s150_h100" surface="False" plated="True" isvia="False" nopaste="True" nomask="True" complex="False" holesize="39.370078740157">
    <padshape layer="TOP" shape="square" width="59.055118110235" height="59.055118110235" />
    <padshape layer="TOP_SOLDER_MASK" shape="square" width="66.929133858267" height="66.929133858267" />
    <padshape layer="INNER" shape="square" width="59.055118110235" height="59.055118110235" />
    <padshape layer="BOTTOM" shape="square" width="59.055118110235" height="59.055118110235" />
    <padshape layer="BOTTOM_SOLDER_MASK" shape="square" width="66.929133858267" height="66.929133858267" />
  </padstyle>
  <padstyle name="c140_h280" surface="False" plated="True" isvia="False" nopaste="True" nomask="True" complex="False" holesize="110.23622047244">
    <padshape layer="TOP" shape="round" width="55.11811023622" height="55.11811023622" />
    <padshape layer="TOP_SOLDER_MASK" shape="round" width="62.992125984251" height="62.992125984251" />
    <padshape layer="INNER" shape="round" width="55.11811023622" height="55.11811023622" />
    <padshape layer="BOTTOM" shape="round" width="55.11811023622" height="55.11811023622" />
    <padshape layer="BOTTOM_SOLDER_MASK" shape="round" width="62.992125984251" height="62.992125984251" />
  </padstyle>
  <footprint name="09185067904" originx="0" originy="0" pickpointx="0" pickpointy="0">
    <pcbpin number="1" name="1" style="s150_h100" originx="0" originy="0" rotation="90" />
    <pcbpin number="2" name="2" style="c150_h100" originx="-99.999999999999" originy="0" rotation="90" />
    <pcbpin number="3" name="3" style="c150_h100" originx="-200" originy="0" rotation="90" />
    <pcbpin number="4" name="4" style="c150_h100" originx="0" originy="-99.999999999999" rotation="90" />
    <pcbpin number="5" name="5" style="c150_h100" originx="-99.999999999999" originy="-99.999999999999" rotation="90" />
    <pcbpin number="6" name="6" style="c150_h100" originx="-200" originy="-99.999999999999" rotation="90" />
    <pcbpin number="7" name="MH1" style="c140_h280" originx="-549.99999999999" originy="-40.15748031496" rotation="90" />
    <pcbpin number="8" name="MH2" style="c140_h280" originx="350" originy="-40.15748031496" rotation="90" />
    <line layer="TOP_ASSEMBLY" originx="-635.43307086613" originy="117.32283464567" endx="435.43307086614" endy="117.32283464567" width="7.8740157480314" />
    <line layer="TOP_ASSEMBLY" originx="435.43307086614" originy="117.32283464567" endx="435.43307086614" endy="-217.32283464567" width="7.8740157480314" />
    <line layer="TOP_ASSEMBLY" originx="435.43307086614" originy="-217.32283464567" endx="-635.43307086613" endy="-217.32283464567" width="7.8740157480314" />
    <line layer="TOP_ASSEMBLY" originx="-635.43307086613" originy="-217.32283464567" endx="-635.43307086613" endy="117.32283464567" width="7.8740157480314" />
    <line layer="TOP_PLACE_BOUND" originx="-682.67716535432" originy="164.56692913386" endx="521.65354330708" endy="164.56692913386" width="1.9685039370079" />
    <line layer="TOP_PLACE_BOUND" originx="521.65354330708" originy="164.56692913386" endx="521.65354330708" endy="-264.56692913386" width="1.9685039370079" />
    <line layer="TOP_PLACE_BOUND" originx="521.65354330708" originy="-264.56692913386" endx="-682.67716535432" endy="-264.56692913386" width="1.9685039370079" />
    <line layer="TOP_PLACE_BOUND" originx="-682.67716535432" originy="-264.56692913386" endx="-682.67716535432" endy="164.56692913386" width="1.9685039370079" />
    <line layer="TOP_SILKSCREEN" originx="-635.43307086613" originy="117.32283464567" endx="435.43307086614" endy="117.32283464567" width="3.9370078740157" />
    <line layer="TOP_SILKSCREEN" originx="435.43307086614" originy="-217.32283464567" endx="-635.43307086613" endy="-217.32283464567" width="3.9370078740157" />
    <line layer="TOP_SILKSCREEN" originx="477.3622047244" originy="0" endx="477.3622047244" endy="0" width="1.9685039370078" />
    <arc layer="TOP_SILKSCREEN" originx="478.34645669291" originy="0" startangle="-180.0" sweepangle="180.0" radius="0.98425196850393" width="1.9685039370078" />
    <line layer="TOP_SILKSCREEN" originx="479.33070866141" originy="0" endx="479.33070866141" endy="0" width="1.9685039370078" />
    <arc layer="TOP_SILKSCREEN" originx="478.34645669291" originy="0" startangle=".0" sweepangle="180.0" radius="0.98425196850393" width="1.9685039370078" />
  </footprint>
  <symbol name="09185067904" originx="0" originy="0">
    <line originx="200" originy="100" endx="600" endy="100" width="0" />
    <line originx="600" originy="-300" endx="600" endy="100" width="0" />
    <line originx="600" originy="-300" endx="200" endy="-300" width="0" />
    <line originx="200" originy="100" endx="200" endy="-300" width="0" />
    <sympin number="1" originx="600" originy="-200" rotation="0" length="100" width="7.8740157480315" flipped="False">
      <text name="pinname" originx="570" originy="-200" style="Default" rotation="0" justify="right" flipped="False" hidden="False" data="1" />
      <text name="pindes" originx="660" originy="-180" style="Default" rotation="0" justify="lowerleft" flipped="False" hidden="False" data="1" />
    </sympin>
    <sympin number="2" originx="600" originy="-100" rotation="0" length="100" width="7.8740157480315" flipped="False">
      <text name="pinname" originx="570" originy="-100" style="Default" rotation="0" justify="right" flipped="False" hidden="False" data="2" />
      <text name="pindes" originx="660" originy="-80" style="Default" rotation="0" justify="lowerleft" flipped="False" hidden="False" data="2" />
    </sympin>
    <sympin number="3" originx="600" originy="0" rotation="0" length="100" width="7.8740157480315" flipped="False">
      <text name="pinname" originx="570" originy="0" style="Default" rotation="0" justify="right" flipped="False" hidden="False" data="3" />
      <text name="pindes" originx="660" originy="20" style="Default" rotation="0" justify="lowerleft" flipped="False" hidden="False" data="3" />
    </sympin>
    <sympin number="4" originx="200" originy="-200" rotation="180" length="100" width="7.8740157480315" flipped="False">
      <text name="pinname" originx="230" originy="-200" style="Default" rotation="0" justify="left" flipped="False" hidden="False" data="4" />
      <text name="pindes" originx="140" originy="-180" style="Default" rotation="0" justify="lowerright" flipped="False" hidden="False" data="4" />
    </sympin>
    <sympin number="5" originx="200" originy="-100" rotation="180" length="100" width="7.8740157480315" flipped="False">
      <text name="pinname" originx="230" originy="-100" style="Default" rotation="0" justify="left" flipped="False" hidden="False" data="5" />
      <text name="pindes" originx="140" originy="-80" style="Default" rotation="0" justify="lowerright" flipped="False" hidden="False" data="5" />
    </sympin>
    <sympin number="6" originx="200" originy="0" rotation="180" length="100" width="7.8740157480315" flipped="False">
      <text name="pinname" originx="230" originy="0" style="Default" rotation="0" justify="left" flipped="False" hidden="False" data="6" />
      <text name="pindes" originx="140" originy="20" style="Default" rotation="0" justify="lowerright" flipped="False" hidden="False" data="6" />
    </sympin>
  </symbol>
  <component name="09185067904" designatorprefix="J" height="1013.779527559" footprint="09185067904">
    <comppin designator="1" sympin="1" pinswap="0" gateswap="0" gate="1" group="1" side="" type="Any" name="1" />
    <comppin designator="2" sympin="2" pinswap="0" gateswap="0" gate="1" group="1" side="" type="Any" name="2" />
    <comppin designator="3" sympin="3" pinswap="0" gateswap="0" gate="1" group="1" side="" type="Any" name="3" />
    <comppin designator="4" sympin="4" pinswap="0" gateswap="0" gate="1" group="1" side="" type="Any" name="4" />
    <comppin designator="5" sympin="5" pinswap="0" gateswap="0" gate="1" group="1" side="" type="Any" name="5" />
    <comppin designator="6" sympin="6" pinswap="0" gateswap="0" gate="1" group="1" side="" type="Any" name="6" />
    <attached_symbol gate="1" name="09185067904" />
    <pinmap designator="1" footprintpin="1" />
    <pinmap designator="2" footprintpin="2" />
    <pinmap designator="3" footprintpin="3" />
    <pinmap designator="4" footprintpin="4" />
    <pinmap designator="5" footprintpin="5" />
    <pinmap designator="6" footprintpin="6" />
    <text name="Datasheet" originx="0" originy="0" style="Default" rotation="0" justify="" flipped="False" hidden="True" data="https://componentsearchengine.com/Datasheets/1/09185067904.pdf" />
    <text name="Description" originx="0" originy="0" style="Default" rotation="0" justify="" flipped="False" hidden="True" data="Connectors, Male connector, Wave soldering termination, Rated current: 1 A, Straight" />
    <text name="Mouser Part Number" originx="0" originy="0" style="Default" rotation="0" justify="" flipped="False" hidden="True" data="617-09-18-506-7904" />
    <text name="Mouser Price/Stock" originx="0" originy="0" style="Default" rotation="0" justify="" flipped="False" hidden="True" data="https://www.mouser.com/Search/Refine.aspx?Keyword=617-09-18-506-7904" />
    <text name="Manufacturer_Name" originx="0" originy="0" style="Default" rotation="0" justify="" flipped="False" hidden="True" data="HARTING" />
    <text name="Manufacturer_Part_Number" originx="650" originy="200" style="Default" rotation="0" justify="left" flipped="False" hidden="False" data="09185067904" />
  </component>
</quadcept_library>
